City_ID,City,Country,Lat,Lng,Max Temp,Humidity,Cloudiness,Wind Speed,Current Description
0,Lengshuitan,CN,26.4111,111.5956,68.63,82,100,2.15,overcast clouds
1,Yellowknife,CA,62.456,-114.3525,66.72,52,75,9.22,broken clouds
2,Bredasdorp,ZA,-34.5322,20.0403,50.29,93,66,2.44,broken clouds
3,Puerto Ayora,EC,-0.7393,-90.3518,73.54,89,72,5.99,broken clouds
4,Leningradskiy,RU,69.3833,178.4167,32.11,82,22,8.12,few clouds
5,Thompson,CA,55.7435,-97.8558,57.36,54,90,3.44,overcast clouds
6,North Bend,US,43.4065,-124.2243,60.85,86,90,16.11,mist
7,Avarua,CK,-21.2078,-159.775,80.65,74,23,12.66,few clouds
8,Ribeira Grande,PT,38.5167,-28.7,62.6,70,98,12.15,overcast clouds
9,Bathsheba,BB,13.2167,-59.5167,81.21,65,40,18.88,scattered clouds
10,Airai,TL,-8.9266,125.4092,72.09,54,47,3.91,scattered clouds
11,Hobart,AU,-42.8794,147.3294,50.05,53,20,3.0,few clouds
12,Sitka,US,57.0531,-135.33,49.89,81,90,5.75,light rain
13,Atuona,PF,-9.8,-139.0333,79.88,79,25,18.03,light rain
14,Avera,US,33.194,-82.5271,78.85,80,63,7.27,broken clouds
15,Nemuro,JP,43.3236,145.575,59.43,94,100,26.84,light rain
16,Kahului,US,20.8947,-156.47,85.96,66,40,24.16,scattered clouds
17,Pokhara,NP,28.2333,83.9833,77.94,66,81,1.12,broken clouds
18,Berlevag,NO,70.8578,29.0864,50.49,70,11,11.86,few clouds
19,Shawinigan,CA,46.5668,-72.7491,63.09,100,100,4.61,overcast clouds
20,Mar Del Plata,AR,-38.0023,-57.5575,59.0,39,0,17.0,clear sky
21,Muli,MV,2.9167,73.5667,83.43,69,100,17.31,overcast clouds
22,Nikolskoye,RU,59.7035,30.7861,52.39,79,20,4.29,few clouds
23,San Matias,BO,-16.3667,-58.4,77.31,51,24,3.04,few clouds
24,Punta Arenas,CL,-53.15,-70.9167,35.71,93,90,8.48,light rain
25,Broome,US,42.2506,-75.833,67.62,95,90,4.0,overcast clouds
26,Amapa,BR,1.0,-52.0,71.92,99,99,2.04,overcast clouds
27,Acari,PE,-15.4311,-74.6158,66.33,75,64,1.36,broken clouds
28,Butaritari,KI,3.0707,172.7902,83.19,74,91,7.9,overcast clouds
29,Saskylakh,RU,71.9167,114.0833,34.63,97,100,8.03,light rain
30,Tasiilaq,GL,65.6145,-37.6368,42.96,76,100,6.42,overcast clouds
31,Pontian Kecil,MY,1.4801,103.3899,87.93,74,100,6.71,overcast clouds
32,Kapit,MY,2.0167,112.9333,89.38,66,44,1.52,scattered clouds
33,Dikson,RU,73.5069,80.5464,31.08,95,99,14.2,overcast clouds
34,Qaanaaq,GL,77.484,-69.3632,23.47,84,20,5.93,few clouds
35,Busselton,AU,-33.65,115.3333,63.86,71,75,11.52,broken clouds
36,Liberty,US,31.8335,-81.5004,77.04,47,75,0.0,broken clouds
37,Tessalit,ML,20.1986,1.0114,92.77,9,41,10.13,scattered clouds
38,Eyl,SO,7.9803,49.8164,79.0,78,100,13.85,overcast clouds
39,Chuy,UY,-33.6971,-53.4616,51.69,74,20,8.28,few clouds
40,Ushuaia,AR,-54.8,-68.3,28.06,80,0,10.36,clear sky
41,Tuatapere,NZ,-46.1333,167.6833,55.45,73,68,8.3,broken clouds
42,Albany,US,42.6001,-73.9662,68.54,88,100,5.06,light rain
43,Hilo,US,19.7297,-155.09,84.27,71,1,10.36,clear sky
44,Arraial Do Cabo,BR,-22.9661,-42.0278,73.65,82,0,0.74,clear sky
45,Iskateley,RU,67.6803,53.1512,46.2,53,75,8.46,broken clouds
46,Marakkanam,IN,12.2,79.95,85.55,69,100,7.47,overcast clouds
47,Souillac,MU,-20.5167,57.5167,73.78,78,75,15.68,broken clouds
48,Mataura,NZ,-46.1927,168.8643,53.94,73,70,3.8,broken clouds
49,Ust-Omchug,RU,61.15,149.6333,43.18,88,100,0.89,overcast clouds
50,Xuddur,SO,4.1213,43.8894,70.27,84,15,14.12,few clouds
51,Lompoc,US,34.6391,-120.4579,82.13,88,90,8.48,overcast clouds
52,Cape Town,ZA,-33.9258,18.4232,53.11,93,0,3.15,clear sky
53,Cherskiy,RU,68.75,161.3,67.95,25,98,2.82,overcast clouds
54,Luganville,VU,-15.5333,167.1667,79.47,74,89,9.22,overcast clouds
55,Nanortalik,GL,60.1432,-45.2371,35.19,86,51,11.16,broken clouds
56,Puerto Escondido,MX,15.85,-97.0667,85.03,70,75,0.0,broken clouds
57,Hermanus,ZA,-34.4187,19.2345,53.91,72,97,7.2,overcast clouds
58,Saldanha,ZA,-33.0117,17.9442,57.16,59,83,6.26,broken clouds
59,Palmer,US,42.1584,-72.3287,69.62,81,90,4.0,overcast clouds
60,Samarai,PG,-10.6167,150.6667,80.02,85,99,10.2,light rain
61,Salinopolis,BR,-0.6136,-47.3561,78.58,87,100,10.98,moderate rain
62,Jaffrey,US,42.814,-72.0231,68.0,89,90,9.22,overcast clouds
63,Saint George,US,37.1041,-113.5841,104.47,11,1,1.99,clear sky
64,Najran,SA,17.4924,44.1277,74.05,18,98,2.37,overcast clouds
65,Vilhena,BR,-12.7406,-60.1458,69.19,58,2,3.62,clear sky
66,Xichang,CN,27.8964,102.2634,57.02,76,100,0.36,overcast clouds
67,Srednekolymsk,RU,67.45,153.6833,69.33,28,100,14.43,overcast clouds
68,Port Hardy,CA,50.6996,-127.4199,55.58,71,75,6.91,broken clouds
69,Pisco,PE,-13.7,-76.2167,62.65,82,20,8.05,few clouds
70,Victoria,HK,22.2855,114.1577,87.96,91,99,1.01,light rain
71,Saint-Philippe,RE,-21.3585,55.7679,70.48,81,44,13.6,light rain
72,Bethel,US,41.3712,-73.414,68.85,91,100,3.67,moderate rain
73,Kapaa,US,22.0752,-159.319,76.98,86,90,8.01,moderate rain
74,Cabo San Lucas,MX,22.8909,-109.9124,91.81,34,1,11.5,clear sky
75,Paea,PF,-17.6833,-149.5833,78.51,83,90,13.98,light rain
76,Saquena,PE,-4.6667,-73.5167,75.94,90,90,1.74,overcast clouds
77,Haines Junction,CA,60.7522,-137.5108,55.35,28,4,13.8,clear sky
78,Kudahuvadhoo,MV,2.6708,72.8944,83.57,68,100,17.34,overcast clouds
79,Cidreira,BR,-30.1811,-50.2056,60.85,89,2,13.47,clear sky
80,Bengkulu,ID,-3.8004,102.2655,80.98,81,91,1.57,overcast clouds
81,Kerman,IR,30.2832,57.0788,66.06,19,0,5.57,clear sky
82,Port Augusta,AU,-32.5,137.7667,61.7,61,10,10.38,clear sky
83,Henties Bay,NA,-22.116,14.2845,69.85,25,0,14.05,clear sky
84,Petropavlovsk-Kamchatskiy,RU,53.0452,158.6483,70.39,30,29,8.84,scattered clouds
85,Maniitsoq,GL,65.4167,-52.9,34.86,76,31,7.65,scattered clouds
86,Upernavik,GL,72.7868,-56.1549,31.87,75,27,1.9,scattered clouds
87,Spencer,US,43.1414,-95.1444,85.14,28,20,16.11,few clouds
88,Port Elizabeth,ZA,-33.918,25.5701,44.89,87,0,1.14,clear sky
89,Kralendijk,BQ,12.15,-68.2667,80.58,78,75,13.8,broken clouds
90,Bambous Virieux,MU,-20.3428,57.7575,73.65,78,75,16.51,broken clouds
91,Ambelokipoi,GR,37.7667,20.8667,68.74,73,0,4.94,clear sky
92,Orsha,BY,54.5153,30.4053,48.16,83,9,5.91,clear sky
93,Vaini,TO,-21.2,-175.2,77.16,78,40,0.0,scattered clouds
94,Tazovskiy,RU,67.4667,78.7,37.49,67,89,13.29,overcast clouds
95,Tuktoyaktuk,CA,69.4541,-133.0374,41.0,81,90,14.97,overcast clouds
96,Clyde River,CA,70.4692,-68.5914,28.63,93,90,13.8,light snow
97,Barrow,US,71.2906,-156.7887,33.82,80,90,18.41,light snow
98,High Level,CA,58.5169,-117.136,75.31,29,20,9.89,few clouds
99,Birjand,IR,32.8663,59.2211,68.47,18,0,6.91,clear sky
100,Kaitangata,NZ,-46.2817,169.8464,54.86,67,44,2.73,scattered clouds
101,Nantucket,US,41.2835,-70.0995,64.08,97,100,22.48,overcast clouds
102,Faya,SA,18.3851,42.4509,66.72,14,53,6.08,broken clouds
103,Constitucion,CL,-35.3333,-72.4167,56.64,91,100,7.07,overcast clouds
104,Rikitea,PF,-23.1203,-134.9692,72.84,65,47,13.49,scattered clouds
105,Seoul,KR,37.5683,126.9778,70.21,68,20,10.33,few clouds
106,Kodiak,US,57.79,-152.4072,51.31,71,90,13.8,overcast clouds
107,Shellbrook,CA,53.2168,-106.4011,88.83,57,8,7.78,clear sky
108,Tyret Pervaya,RU,53.6703,102.3106,71.51,45,8,7.67,clear sky
109,Baherden,TM,38.4362,57.4316,80.92,51,0,2.62,clear sky
110,Siteki,SZ,-26.45,31.95,48.97,80,100,8.68,light rain
111,Te Anau,NZ,-45.4167,167.7167,49.41,92,100,4.12,overcast clouds
112,Ilyich,KZ,40.8464,68.5067,81.68,26,0,0.69,clear sky
113,Mahebourg,MU,-20.4081,57.7,73.69,78,75,10.36,broken clouds
114,Khandwa,IN,21.8333,76.3333,84.11,57,99,11.7,overcast clouds
115,Turukhansk,RU,65.8167,87.9833,40.8,58,77,11.7,broken clouds
116,Nouakchott,MR,18.0858,-15.9785,80.53,57,8,19.77,clear sky
117,Maputo,MZ,-25.9653,32.5892,62.28,69,75,17.0,broken clouds
118,Oussouye,SN,12.485,-16.5469,77.18,76,58,9.6,broken clouds
119,Sao Joao Da Barra,BR,-21.6403,-41.0511,72.68,87,2,3.31,clear sky
120,Tiksi,RU,71.6872,128.8694,31.73,94,100,6.85,overcast clouds
121,Ginda,IN,30.6945,78.4932,72.09,31,2,1.81,clear sky
122,Port Lincoln,AU,-34.7333,135.8667,60.1,63,60,10.51,broken clouds
123,Port Alfred,ZA,-33.5906,26.891,53.55,74,10,6.6,clear sky
124,Umm Kaddadah,SD,13.6017,26.6876,81.0,48,57,7.85,broken clouds
125,Vila Velha,BR,-20.3297,-40.2925,71.94,93,0,1.01,clear sky
126,Jamestown,US,42.097,-79.2353,65.52,92,20,1.01,few clouds
127,Bluff,NZ,-46.6,168.3333,55.22,73,18,13.06,few clouds
128,Ostrovnoy,RU,68.0531,39.5131,61.36,58,97,14.85,overcast clouds
129,Omboue,GA,-1.5746,9.2618,75.36,93,6,4.85,clear sky
130,San Lawrenz,MT,36.0553,14.204,66.85,90,99,5.26,overcast clouds
131,Oktyabrskoye,RU,43.0645,44.7417,53.74,94,92,1.23,overcast clouds
132,George,ZA,-33.963,22.4617,49.55,81,20,4.61,few clouds
133,Maragogi,BR,-9.0122,-35.2225,75.33,86,15,4.9,few clouds
134,Tual,ID,-5.6667,132.75,81.86,76,48,18.52,scattered clouds
135,Katsuura,JP,35.1333,140.3,71.71,92,100,27.98,overcast clouds
136,Husavik,IS,66.0449,-17.3389,42.71,61,90,6.44,overcast clouds
137,Salalah,OM,17.0151,54.0924,80.69,83,75,5.75,broken clouds
138,Narsaq,GL,60.9167,-46.05,44.82,77,74,0.2,broken clouds
139,Kirakira,SB,-10.4544,161.9205,83.7,76,98,6.51,overcast clouds
140,Geraldton,AU,-28.7667,114.6,55.81,82,0,14.23,clear sky
141,Inirida,CO,3.8653,-67.9239,74.3,97,85,2.44,overcast clouds
142,Grindavik,IS,63.8424,-22.4338,49.95,81,90,22.19,light intensity drizzle
143,Grand Gaube,MU,-20.0064,57.6608,73.8,86,8,5.99,light rain
144,Shubarshi,KZ,48.5872,57.1869,67.06,79,3,16.35,clear sky
145,Broken Hill,AU,-31.95,141.4333,56.91,72,40,14.97,scattered clouds
146,Lazaro Cardenas,MX,17.9583,-102.2,82.69,72,13,4.41,few clouds
147,Abu Samrah,SY,35.3029,37.1841,61.23,76,0,6.78,clear sky
148,Sao Filipe,CV,14.8961,-24.4956,73.04,80,23,13.53,few clouds
149,Pegnitz,DE,49.7564,11.545,63.48,75,96,3.91,overcast clouds
150,Sayla,IN,22.55,71.4667,83.08,67,0,10.92,clear sky
151,Chernyshevskiy,RU,63.0128,112.4714,71.83,37,100,4.72,overcast clouds
152,Ancud,CL,-41.8697,-73.8203,49.53,85,100,13.42,light rain
153,Iqaluit,CA,63.7506,-68.5145,33.53,86,90,5.01,snow
154,Praia,CV,14.9215,-23.5087,72.14,78,20,17.27,few clouds
155,Chapayeve,UA,49.3662,35.8749,53.42,97,100,9.82,overcast clouds
156,Shimoda,JP,34.6667,138.95,71.96,97,100,24.99,heavy intensity rain
157,Cayenne,GF,4.9333,-52.3333,78.1,89,75,3.0,broken clouds
158,Kalnibolotskaya,RU,46.0058,40.4568,51.3,89,57,5.79,broken clouds
159,Dingle,PH,10.9995,122.6711,86.92,70,75,6.04,broken clouds
160,Myrtle Beach,US,33.6891,-78.8867,76.05,94,90,12.66,overcast clouds
161,Feni,BD,23.0186,91.41,86.32,72,99,5.48,overcast clouds
162,Neuquen,AR,-38.9516,-68.0591,62.49,51,0,11.5,clear sky
163,Lumberton,US,34.6182,-79.0086,75.34,94,100,12.41,light rain
164,Russell,US,32.3502,-85.1999,78.08,84,20,3.58,few clouds
165,Krasnoselkup,RU,65.7,82.4667,40.51,55,64,11.36,broken clouds
166,Pizarro,CO,4.9533,-77.366,78.31,89,96,4.97,moderate rain
167,Nebbi,UG,2.4783,31.0889,65.55,83,98,4.18,overcast clouds
168,Karratha,AU,-20.7377,116.8463,68.99,45,100,18.86,overcast clouds
169,La Ronge,CA,55.1001,-105.2842,62.85,82,75,14.97,broken clouds
170,Lubao,PH,14.9167,120.55,87.82,66,86,6.85,overcast clouds
171,Chimbote,PE,-9.0853,-78.5783,64.65,83,22,5.77,few clouds
172,Karatsu,JP,33.4425,129.9697,71.17,88,100,8.28,light rain
173,Puerto Leguizamo,CO,-0.1934,-74.7819,72.61,98,68,1.48,broken clouds
174,Abha,SA,18.2164,42.5053,66.45,13,0,7.34,clear sky
175,Katherine,AU,-14.4667,132.2667,80.92,57,75,12.88,broken clouds
176,Tamiahua,MX,21.2667,-97.45,79.56,83,97,6.08,overcast clouds
177,Rudbar,AF,30.15,62.6,90.19,13,0,3.58,clear sky
178,Pevek,RU,69.7008,170.3133,37.2,66,70,0.83,broken clouds
179,Sebinkarahisar,TR,40.2883,38.4236,45.91,69,4,0.58,clear sky
180,College,US,64.8569,-147.8028,71.58,29,75,1.99,broken clouds
181,Kautokeino,NO,69.0125,23.0412,60.3,52,68,4.88,broken clouds
182,Olafsvik,IS,64.8945,-23.7142,48.54,76,100,12.3,light rain
183,Isangel,VU,-19.55,169.2667,80.71,69,75,12.88,broken clouds
184,Khatanga,RU,71.9667,102.5,34.61,81,100,7.16,overcast clouds
185,Pemba,MZ,-12.974,40.5178,74.1,94,20,4.61,few clouds
186,Kompaniyivka,UA,48.2511,32.208,50.5,96,82,12.1,broken clouds
187,Faanui,PF,-16.4833,-151.75,81.27,73,59,10.25,broken clouds
188,Viedma,AR,-40.8135,-62.9967,59.22,67,100,16.22,overcast clouds
189,Zeya,RU,53.75,127.2667,66.18,48,100,16.37,overcast clouds
190,Lewistown,US,40.5992,-77.5714,69.21,88,1,0.0,clear sky
191,Carnarvon,AU,-24.8667,113.6333,59.07,77,0,13.8,clear sky
192,Lorengau,PG,-2.0226,147.2712,85.01,68,60,2.39,broken clouds
193,Lavrentiya,RU,65.5833,-171.0,33.82,74,100,3.76,overcast clouds
194,Gayny,RU,60.3071,54.3241,48.36,55,1,2.53,clear sky
195,Vao,NC,-22.6667,167.4833,71.06,79,98,16.98,overcast clouds
196,Thessalon,CA,46.2501,-83.5666,70.29,83,100,0.2,overcast clouds
197,Esperance,AU,-33.8667,121.9,58.84,66,0,12.93,clear sky
198,Sungaipenuh,ID,-2.0833,101.3833,71.56,91,100,1.61,overcast clouds
199,Show Low,US,34.2542,-110.0298,85.71,24,1,13.8,clear sky
200,Belaya Gora,RU,68.5333,146.4167,74.14,20,63,14.2,broken clouds
201,Hamilton,US,39.1834,-84.5333,65.61,96,40,3.78,scattered clouds
202,Atar,MR,20.5169,-13.0499,88.29,29,99,16.89,overcast clouds
203,Santa Rosa,PH,14.3122,121.1114,90.09,67,100,4.52,overcast clouds
204,Bara,NG,10.3744,10.7288,78.24,61,99,10.78,overcast clouds
205,Delmas,HT,18.5447,-72.3028,83.12,58,16,11.5,few clouds
206,Valparaiso,CL,-33.0393,-71.6273,65.48,70,100,11.81,overcast clouds
207,Gushikawa,JP,26.3544,127.8686,87.39,79,20,15.9,few clouds
208,Corn Island,NI,12.1694,-83.0418,82.4,77,39,18.37,scattered clouds
209,San Quintin,MX,30.4833,-115.95,65.01,75,1,7.61,clear sky
210,Beloha,MG,-25.1667,45.05,64.67,91,15,6.33,few clouds
211,Quatre Cocos,MU,-20.2078,57.7625,73.51,77,22,16.26,light rain
212,Zhigansk,RU,66.7697,123.3711,66.47,52,100,6.02,overcast clouds
213,Valea Ierii,RO,46.65,23.35,45.27,87,30,3.65,scattered clouds
214,Mae Hong Son,TH,19.3003,97.9685,86.14,70,20,2.3,few clouds
215,Phan Thiet,VN,10.9333,108.1,89.06,63,99,9.98,overcast clouds
216,Lebu,CL,-37.6167,-73.65,56.05,96,100,3.47,overcast clouds
217,Teya,RU,60.3778,92.6267,48.2,56,100,5.7,overcast clouds
218,Castro,BR,-24.7911,-50.0119,58.26,93,81,3.51,broken clouds
219,Half Moon Bay,US,37.4636,-122.4286,87.12,70,20,1.01,haze
220,Kenai,US,60.5544,-151.2583,60.03,56,75,10.36,broken clouds
221,Camana,PE,-16.6228,-72.7111,63.34,84,58,1.19,broken clouds
222,Waipawa,NZ,-41.4122,175.5153,57.83,71,99,7.0,overcast clouds
223,Richards Bay,ZA,-28.783,32.0377,60.8,70,97,17.27,light rain
224,Longyearbyen,SJ,78.2186,15.6401,35.44,80,75,12.66,light rain
225,Vila Franca Do Campo,PT,37.7167,-25.4333,57.61,82,28,4.14,scattered clouds
226,Tocopilla,CL,-22.092,-70.1979,63.77,70,38,3.67,scattered clouds
227,Nouadhibou,MR,20.931,-17.0347,67.98,77,11,20.71,few clouds
228,Port Blair,IN,11.6667,92.75,85.19,70,32,4.36,scattered clouds
229,Chake Chake,TZ,-5.2459,39.7666,74.34,84,6,8.25,clear sky
230,Leh,IN,34.1667,77.5833,46.99,74,100,2.24,overcast clouds
231,Ust-Nera,RU,64.5667,143.2,62.67,28,22,4.34,few clouds
232,Moba,CN,33.2288,105.0179,63.12,52,100,4.38,overcast clouds
233,Abrau-Dyurso,RU,44.69,37.59,56.66,94,100,14.92,light rain
234,Morrisburg,CA,44.9001,-75.1826,65.08,98,100,5.97,overcast clouds
235,Yumen,CN,40.2833,97.2,81.23,7,0,14.83,clear sky
236,Ola,RU,59.5833,151.2833,41.86,87,100,5.77,overcast clouds
237,Fortuna,US,40.5982,-124.1573,62.92,68,90,1.99,overcast clouds
238,Praia Da Vitoria,PT,38.7333,-27.0667,61.75,82,20,7.05,few clouds
239,Samana,DO,19.2056,-69.3369,77.09,83,90,10.0,overcast clouds
240,Galesong,ID,-5.3166,119.3661,84.22,68,71,2.35,broken clouds
241,Shenjiamen,CN,29.9576,122.298,65.46,88,100,5.66,moderate rain
242,Alta Floresta,BR,-9.8756,-56.0861,70.84,66,15,1.92,few clouds
243,Champerico,GT,14.3,-91.9167,85.35,69,9,1.25,clear sky
244,Prince Rupert,CA,54.3161,-130.3201,51.49,84,90,10.36,light rain
245,Westport,US,41.1415,-73.3579,70.11,94,75,1.01,light rain
246,Erdaojiang,CN,41.7764,126.0319,63.3,60,79,11.61,broken clouds
247,East London,ZA,-33.0153,27.9116,55.26,75,65,6.73,broken clouds
248,Vysokogornyy,RU,50.1167,139.15,52.3,92,100,7.07,moderate rain
249,Muroto,JP,33.2833,134.15,73.44,93,100,31.9,overcast clouds
250,Ocean City,US,39.2776,-74.5746,71.62,86,100,1.99,overcast clouds
251,Aras,ES,42.5617,-2.356,56.71,89,90,4.0,mist
252,Eskilstuna,SE,59.3666,16.5077,49.73,88,0,1.5,clear sky
253,Kaura Namoda,NG,12.5898,6.5779,84.87,41,53,8.81,broken clouds
254,Ossora,RU,59.2353,163.0719,50.67,66,58,5.28,broken clouds
255,Chokurdakh,RU,70.6333,147.9167,55.67,65,100,7.58,overcast clouds
256,Iguape,BR,-24.7081,-47.5553,69.08,88,94,5.97,overcast clouds
257,Durango,MX,24.8333,-104.8333,65.35,47,100,3.8,overcast clouds
258,Dondo,MZ,-19.6094,34.7431,57.94,73,0,7.09,clear sky
259,Aklavik,CA,68.2191,-135.0107,45.43,82,100,6.71,light rain
260,Argentan,FR,48.75,-0.0167,51.57,98,100,5.53,overcast clouds
261,Darnah,LY,32.767,22.6367,66.85,68,0,8.93,clear sky
262,Erzin,TR,36.9559,36.2,66.92,78,0,1.54,clear sky
263,Margate,GB,51.3813,1.3862,58.91,83,18,1.99,few clouds
264,Presidente Epitacio,BR,-21.7633,-52.1156,69.82,64,0,7.4,clear sky
265,Teknaf,BD,20.8624,92.3058,85.37,74,90,2.1,overcast clouds
266,San Cristobal,VE,7.7669,-72.225,71.78,98,68,2.98,broken clouds
267,Puerto Carreno,CO,6.189,-67.4859,79.07,82,100,1.97,overcast clouds
268,Coahuayana,MX,18.7333,-103.6833,81.36,74,21,2.68,few clouds
269,San Vicente,AR,-26.6167,-54.1333,61.92,89,20,2.64,few clouds
270,Sorland,NO,67.667,12.6934,50.32,79,0,8.61,clear sky
271,Touros,BR,-5.1989,-35.4608,74.3,81,1,10.0,clear sky
272,Sovetskiy,RU,61.3614,63.5842,42.39,45,0,5.46,clear sky
273,Marawi,PH,7.9986,124.2928,82.65,60,89,1.72,overcast clouds
274,Custoias,PT,41.1053,-7.321,48.79,77,0,3.51,clear sky
275,Coquimbo,CL,-29.9533,-71.3436,56.93,94,90,5.57,overcast clouds
276,Taoudenni,ML,22.6783,-3.9836,92.48,25,100,24.45,overcast clouds
277,Sola,VU,-13.8833,167.55,79.52,76,83,16.4,broken clouds
278,Mecca,SA,21.4267,39.8261,83.68,59,1,4.43,clear sky
279,Peleduy,RU,59.6289,112.7406,81.37,26,24,6.58,few clouds
280,Provideniya,RU,64.3833,-173.3,37.51,70,90,8.95,overcast clouds
281,Lata,PT,40.1629,-8.3327,54.05,95,8,2.1,clear sky
282,Ordu,TR,40.9086,37.6845,45.1,78,8,5.77,clear sky
283,Miragoane,HT,18.4423,-73.0876,80.33,75,16,4.83,few clouds
284,Rio Grande,BR,-32.035,-52.0986,51.94,87,5,10.11,moderate rain
285,Arkhara,RU,49.4212,130.0842,52.02,93,100,9.1,overcast clouds
286,Vardo,NO,70.3705,31.1107,47.55,74,13,3.4,few clouds
287,Yar-Sale,RU,66.8333,70.8333,41.14,56,42,15.08,scattered clouds
288,Coihaique,CL,-45.5752,-72.0662,40.95,93,90,5.75,light rain
289,Mehamn,NO,71.0357,27.8492,50.07,75,20,16.71,few clouds
290,Hambantota,LK,6.1241,81.1185,79.14,94,90,15.61,overcast clouds
291,Tomatlan,MX,19.9333,-105.25,79.47,74,100,3.44,overcast clouds
292,Bilibino,RU,68.0546,166.4372,64.38,30,92,10.0,overcast clouds
293,New Norfolk,AU,-42.7826,147.0587,49.71,54,35,3.0,scattered clouds
294,Santa Maria,BR,-29.6842,-53.8069,52.9,94,0,5.14,clear sky
295,Bilma,NE,18.6853,12.9164,90.3,12,23,3.76,few clouds
296,Mendota,US,36.7536,-120.3816,103.82,11,1,12.8,clear sky
297,Ayaviri,PE,-14.8864,-70.5889,46.29,49,100,1.54,overcast clouds
298,Augusto Correa,BR,-1.0217,-46.635,74.73,96,100,3.31,overcast clouds
299,Jiayuguan,CN,39.8167,98.3,79.52,6,0,8.23,clear sky
300,Mugango,TZ,-1.6833,33.7,68.38,79,100,4.47,overcast clouds
301,Zaysan,KZ,47.4667,84.8667,81.25,36,100,9.6,overcast clouds
302,Vestmannaeyjar,IS,63.4427,-20.2734,48.43,79,100,24.34,overcast clouds
303,Fukue,JP,32.6881,128.8419,66.56,100,75,5.75,light rain
304,Moratuwa,LK,6.773,79.8816,80.62,89,100,10.29,overcast clouds
305,Islamkot,PK,24.6997,70.177,84.52,71,0,11.86,clear sky
306,Rawson,AR,-43.3002,-65.1023,45.77,89,23,10.31,few clouds
307,Meulaboh,ID,4.1363,96.1285,79.99,86,94,2.26,light rain
308,Pacifica,US,37.6138,-122.4869,88.92,79,20,3.0,haze
309,Yuzhnyy,RU,53.2542,83.6936,61.18,72,40,5.17,scattered clouds
310,Holly Hill,US,29.2436,-81.0376,80.74,79,75,5.01,broken clouds
311,Xingyi,CN,24.1877,102.817,54.34,79,100,5.08,overcast clouds
312,Weihe,CN,32.9952,105.3247,69.8,46,100,3.83,overcast clouds
313,Basco,PH,20.4487,121.9702,84.4,80,11,26.91,few clouds
314,Venado Tuerto,AR,-33.7456,-61.9688,55.89,76,16,7.25,few clouds
315,Porosozero,RU,62.7191,32.727,54.86,69,0,1.19,clear sky
316,Lieksa,FI,63.3167,30.0167,53.17,78,0,5.95,clear sky
317,Codrington,AU,-38.2667,141.9667,54.95,48,30,14.63,scattered clouds
318,Hovd,MN,48.0056,91.6419,73.56,30,13,0.4,few clouds
319,Yaan,NG,7.3833,8.5667,70.54,96,100,9.8,heavy intensity rain
320,Santiago De Puringla,HN,14.3585,-87.9032,67.6,90,56,1.34,broken clouds
321,Yarmouth,US,41.7057,-70.2286,66.65,79,90,4.0,mist
322,Aswan,EG,24.0934,32.907,80.96,20,58,14.94,broken clouds
323,Marsh Harbour,BS,26.5412,-77.0636,78.35,80,85,16.13,overcast clouds
324,Manokwari,ID,-0.8667,134.0833,78.57,83,100,3.0,overcast clouds
325,Naze,JP,28.3667,129.4833,81.52,85,100,18.5,light rain
326,Chara,RU,56.9064,118.2631,67.17,38,12,3.22,few clouds
327,Clovis,US,36.8252,-119.7029,103.15,22,20,4.0,few clouds
328,Forio,IT,40.7342,13.8646,68.81,69,1,1.01,clear sky
329,Moron,AR,-34.6534,-58.6198,62.49,78,75,4.0,broken clouds
330,Talcahuano,CL,-36.7167,-73.1167,58.68,100,90,5.75,overcast clouds
331,Vostok,RU,46.4856,135.8833,47.89,99,100,1.9,light rain
332,Sibolga,ID,1.7427,98.7792,82.38,79,100,2.01,overcast clouds
333,Lyubytino,RU,58.8122,33.3922,49.39,81,60,4.97,broken clouds
334,Baykit,RU,61.67,96.37,48.4,53,100,4.56,overcast clouds
335,Sahuaripa,MX,29.05,-109.2333,92.59,12,52,8.52,broken clouds
336,Plouzane,FR,48.3833,-4.6167,50.05,90,2,1.45,fog
337,Havoysund,NO,70.9963,24.6622,52.68,86,6,17.0,clear sky
338,Pangnirtung,CA,66.1451,-65.7125,26.17,89,90,5.77,overcast clouds
339,Synya,RU,65.3718,58.0387,46.49,64,1,4.85,clear sky
340,Tateyama,JP,34.9833,139.8667,71.87,94,100,28.36,moderate rain
341,Poum,NC,-20.2333,164.0167,75.56,60,38,10.54,scattered clouds
342,Vanimo,PG,-2.6741,141.3028,87.53,63,64,2.24,broken clouds
343,Harper,LR,4.375,-7.7169,79.34,87,100,6.04,overcast clouds
344,Saposoa,PE,-6.934,-76.7716,77.61,99,100,2.06,overcast clouds
345,San Juan De Los Morros,VE,9.9115,-67.3538,77.27,67,98,1.5,overcast clouds
346,Bulungu,CD,-4.55,18.6,71.96,75,96,1.03,overcast clouds
347,Hami,CN,42.8,93.45,89.35,9,41,2.24,scattered clouds
348,Emerald,AU,-23.5333,148.1667,68.34,60,100,8.05,overcast clouds
349,Almaznyy,RU,48.0448,40.045,51.94,97,99,4.76,overcast clouds
350,Pueblo,US,38.2545,-104.6091,79.29,36,1,4.0,clear sky
351,The Village,US,35.5609,-97.5514,80.46,53,40,9.22,scattered clouds
352,Georgetown,MY,5.4112,100.3354,85.93,81,20,1.01,few clouds
353,Murchison,NZ,-41.8,172.3333,57.56,61,9,2.04,clear sky
354,Lazarev,RU,52.225,141.5131,41.81,98,100,13.31,overcast clouds
355,Sayyan,YE,15.1718,44.3244,61.7,28,18,3.44,few clouds
356,Honiara,SB,-9.4333,159.95,86.09,67,95,7.87,overcast clouds
357,Asau,RO,46.4333,26.4,47.77,91,25,5.17,scattered clouds
358,Zyryanskoye,RU,56.8306,86.6258,56.23,58,100,7.83,overcast clouds
359,Sakakah,SA,29.9697,40.2064,83.77,21,0,7.27,clear sky
360,Torbay,CA,47.6666,-52.7314,59.77,75,75,10.36,broken clouds
361,Luocheng,CN,29.3848,104.0286,73.74,49,93,3.56,overcast clouds
362,Babu,CN,24.4167,111.5167,71.22,86,100,5.93,overcast clouds
363,Comodoro Rivadavia,AR,-45.8667,-67.5,42.66,75,0,13.8,clear sky
364,Mumford,GH,5.2618,-0.759,79.7,87,53,7.43,light rain
365,Emba,KZ,48.8264,58.1442,68.23,75,5,10.16,clear sky
366,Churapcha,RU,62.0025,132.4325,74.91,35,18,4.52,few clouds
367,Deputatskiy,RU,69.3,139.9,69.37,29,100,15.57,overcast clouds
368,Guerrero Negro,MX,27.9769,-114.0611,65.28,74,0,13.71,clear sky
369,Mount Isa,AU,-20.7333,139.5,65.97,52,10,16.11,clear sky
370,Itaquyry,PY,-24.9333,-55.2167,70.02,71,0,4.32,clear sky
371,Padang,ID,-0.9492,100.3543,83.03,74,100,1.05,moderate rain
372,Timra,SE,62.487,17.3257,48.67,91,29,2.3,scattered clouds
373,Komsomolskiy,UZ,40.4272,71.7189,77.72,27,0,4.61,clear sky
374,Eenhana,NA,-17.4667,16.3333,51.55,28,0,8.14,clear sky
375,Mykolayivka,UA,47.5414,30.7561,51.39,95,72,11.16,broken clouds
376,Sevierville,US,35.8681,-83.5618,72.61,86,1,0.0,clear sky
377,Mitu,CO,1.1983,-70.1733,72.68,98,46,1.1,scattered clouds
378,Sampit,ID,-2.5333,112.95,86.65,62,82,3.15,broken clouds
379,Namibe,AO,-15.1961,12.1522,70.75,72,0,5.14,clear sky
380,Luderitz,NA,-26.6481,15.1594,67.12,38,0,21.56,clear sky
381,Karaton,ID,-6.3424,106.1045,82.56,73,79,1.59,broken clouds
382,Norman Wells,CA,65.282,-126.8329,59.04,67,75,8.05,broken clouds
383,Truth Or Consequences,US,33.1284,-107.2528,82.63,26,20,19.26,few clouds
384,Geilo,NO,60.5333,8.2076,47.7,77,27,2.55,scattered clouds
385,Goderich,CA,43.7501,-81.7165,68.32,60,1,5.75,clear sky
386,Luba,GQ,3.4568,8.5547,79.83,84,24,7.99,light rain
387,Hirara,JP,24.8,125.2833,88.07,84,75,18.41,broken clouds
388,Banda Aceh,ID,5.5577,95.3222,83.1,78,97,10.2,overcast clouds
389,Payson,US,40.0444,-111.7321,92.68,12,20,5.82,few clouds
390,Les Cayes,HT,18.2,-73.75,78.67,79,11,5.79,few clouds
391,Ozu,JP,33.5,132.55,71.19,97,100,5.93,overcast clouds
392,Itoman,JP,26.1247,127.6694,88.18,89,75,14.97,broken clouds
393,Mezhdurechenskiy,RU,59.6,65.9333,41.68,54,2,10.11,clear sky
394,Walvis Bay,NA,-22.9575,14.5053,72.55,12,0,22.91,clear sky
395,Washington,US,47.5001,-120.5015,88.2,30,0,8.41,clear sky
396,Mount Gambier,AU,-37.8333,140.7667,53.51,66,75,13.8,broken clouds
397,Mahibadhoo,MV,3.7833,72.9667,83.34,68,100,17.25,overcast clouds
398,Hithadhoo,MV,-0.6,73.0833,83.93,71,100,17.56,overcast clouds
399,Portland,US,45.5234,-122.6762,83.28,49,20,1.01,few clouds
400,New Bern,US,35.1085,-77.0441,76.98,96,90,6.91,light rain
401,Itarantim,BR,-15.6597,-40.0656,64.85,95,99,2.28,overcast clouds
402,Saint Anthony,US,45.0205,-93.218,84.52,45,1,1.01,clear sky
403,Esil,KZ,51.9556,66.4042,57.0,82,100,16.37,overcast clouds
404,Ajdabiya,LY,30.7554,20.2263,74.03,40,21,15.03,few clouds
405,Kysyl-Syr,RU,63.8986,122.7617,82.35,26,59,8.41,broken clouds
406,Lisakovsk,KZ,52.5369,62.4936,55.71,76,100,17.65,overcast clouds
407,San Rafael,AR,-34.6177,-68.3301,61.2,40,73,1.3,broken clouds
408,Carutapera,BR,-1.195,-46.02,75.94,94,84,5.66,broken clouds
409,Umea,SE,63.8284,20.2597,52.92,100,43,0.0,scattered clouds
410,Saint-Augustin,CA,51.226,-58.6502,51.26,81,100,14.47,overcast clouds
411,Fairbanks,US,64.8378,-147.7164,71.6,30,75,10.36,broken clouds
412,Kavieng,PG,-2.5744,150.7967,84.38,70,89,5.03,overcast clouds
413,Del Rio,US,29.3627,-100.8968,78.91,79,75,8.05,broken clouds
414,Semey,KZ,50.4111,80.2275,70.02,73,75,8.95,broken clouds
415,Escuinapa,MX,22.85,-105.8,85.91,70,1,3.98,clear sky
416,Gat,IL,31.61,34.7642,66.88,76,18,0.43,few clouds
417,Beringovskiy,RU,63.05,179.3167,35.44,86,80,5.59,broken clouds
418,Kharovsk,RU,59.9642,40.1912,48.79,74,7,4.0,clear sky
419,Saint-Leu,RE,-21.15,55.2833,69.96,79,1,5.66,clear sky
420,Dindori,IN,22.95,81.0833,83.46,56,93,10.18,overcast clouds
421,Grandville,US,42.9098,-85.7631,75.83,35,75,7.09,broken clouds
422,Ahipara,NZ,-35.1667,173.1667,61.97,56,21,4.16,few clouds
423,Punta De Bombon,PE,-17.1717,-71.7931,63.88,80,93,0.58,overcast clouds
424,Otjimbingwe,NA,-22.35,16.1333,53.26,36,0,8.1,clear sky
425,Sobolevo,RU,54.4299,31.8996,52.83,79,95,6.6,light rain
426,Dudinka,RU,69.4058,86.1778,32.83,100,100,9.57,overcast clouds
427,Nagato,JP,34.3833,131.2,67.95,91,100,2.77,light rain
428,Conakry,GN,9.538,-13.6773,80.67,89,75,13.8,broken clouds
429,Bacalar,MX,18.6667,-88.3833,84.0,77,3,8.19,clear sky
430,Kharian,PK,32.8149,73.8636,70.95,49,87,1.79,overcast clouds
431,Puri,IN,19.8,85.85,86.38,75,72,15.41,broken clouds
432,Iquitos,PE,-3.7481,-73.2472,75.24,94,20,0.0,few clouds
433,Lodja,CD,-3.4833,23.4333,71.33,83,89,0.43,overcast clouds
434,Pangai,TO,-19.8,-174.35,77.11,69,75,4.61,broken clouds
435,Tiarei,PF,-17.5333,-149.3333,78.82,82,45,14.12,light rain
436,Williams Lake,CA,52.1415,-122.1445,74.77,35,75,5.75,broken clouds
437,Nyurba,RU,63.2842,118.3319,81.39,27,68,7.9,broken clouds
438,Cootamundra,AU,-34.65,148.0333,50.95,77,91,15.75,overcast clouds
439,Borogontsy,RU,62.6683,131.1683,78.13,26,34,5.77,scattered clouds
440,Egvekinot,RU,66.3167,-179.1667,33.28,58,67,5.08,broken clouds
441,Sao Geraldo Do Araguaia,BR,-6.4006,-48.555,74.62,80,50,1.19,scattered clouds
442,Balaipungut,ID,1.05,101.2833,82.81,75,100,3.98,overcast clouds
443,Wanning,CN,18.8003,110.3967,92.37,59,98,9.62,overcast clouds
444,Kamenka,RU,51.3223,42.7678,51.4,88,100,11.79,light rain
445,Ponta Delgada,PT,37.7333,-25.6667,57.92,82,20,2.3,few clouds
446,Kamina,CD,-8.7386,24.9906,62.82,81,51,3.71,broken clouds
447,Sooke,CA,48.3746,-123.7276,75.18,55,23,16.73,few clouds
448,Scarborough,GB,54.2797,-0.4044,57.02,85,71,1.01,broken clouds
449,Rongcheng,CN,30.634,117.8517,76.73,59,39,2.46,scattered clouds
450,Shadrinsk,RU,56.0852,63.6335,47.17,52,0,14.56,clear sky
451,Talnakh,RU,69.4865,88.3972,33.39,100,100,4.76,light snow
452,Korla,CN,41.7597,86.1469,86.45,16,100,1.34,overcast clouds
453,Dalby,AU,-27.1833,151.2667,59.99,67,35,5.01,scattered clouds
454,Ilulissat,GL,69.2167,-51.1,37.42,75,100,6.91,overcast clouds
455,Gogrial,SS,8.5332,28.1004,76.51,77,42,1.45,light rain
456,Sijunjung,ID,-0.6876,100.9537,79.75,83,100,1.79,heavy intensity rain
457,Dzilam Gonzalez,MX,21.2833,-88.9333,80.31,76,89,6.71,overcast clouds
458,Sao Jose Da Coroa Grande,BR,-8.8978,-35.1478,75.74,86,13,4.23,few clouds
459,Auki,SB,-8.7676,160.7034,85.15,64,100,2.37,overcast clouds
460,Svetlogorsk,BY,52.6333,29.7333,46.72,87,12,6.91,few clouds
461,Makakilo City,US,21.3469,-158.0858,86.32,52,40,14.67,scattered clouds
462,Causapscal,CA,48.3542,-67.227,58.37,97,100,9.78,overcast clouds
463,Oranjemund,NA,-28.55,16.4333,63.77,37,12,11.43,few clouds
464,Saint-Francois,FR,46.4154,3.9054,62.19,96,0,2.3,clear sky
465,Ginir,ET,7.1333,40.7,55.18,83,84,4.12,broken clouds
466,Pelym,RU,61.0108,61.9978,45.14,45,0,3.29,clear sky
467,Kloulklubed,PW,7.0419,134.2556,84.7,71,17,1.5,few clouds
468,Kushima,JP,31.4583,131.2333,77.04,90,100,13.33,light rain
469,Iberia,US,29.9502,-91.7507,75.97,88,1,3.96,clear sky
470,Maldonado,UY,-34.6667,-54.9167,58.39,64,63,12.46,broken clouds
471,Den Helder,NL,52.9599,4.7593,61.99,94,54,8.99,mist
472,Yabassi,CM,4.457,9.9682,78.44,99,70,1.21,broken clouds
473,Iquique,CL,-20.2208,-70.1431,62.64,80,60,4.83,broken clouds
474,Ortakoy,TR,38.7373,34.0387,43.05,76,6,3.11,clear sky
475,Ambon,ID,-3.6954,128.1814,80.74,83,40,12.8,scattered clouds
476,Lucapa,AO,-8.4192,20.7447,63.61,57,36,2.39,scattered clouds
477,Dzaoudzi,YT,-12.7887,45.2699,76.89,83,0,10.36,clear sky
478,Constantine,DZ,36.365,6.6147,69.21,64,40,8.05,scattered clouds
479,Klaksvik,FO,62.2266,-6.589,49.12,96,22,17.02,few clouds
480,Birao,CF,10.2849,22.7882,79.86,63,100,7.76,overcast clouds
481,Thinadhoo,MV,0.5333,72.9333,83.73,69,100,18.37,overcast clouds
482,Tautira,PF,-17.7333,-149.15,78.82,82,32,16.15,light rain
483,Batemans Bay,AU,-35.7167,150.1833,64.9,50,45,3.85,scattered clouds
484,Gamba,GA,-2.65,10.0,75.18,92,8,4.79,clear sky
485,Nome,US,64.5011,-165.4064,38.1,64,20,19.57,few clouds
486,Boueni,YT,-12.9025,45.0761,76.98,69,0,10.13,clear sky
487,Beberibe,BR,-4.1797,-38.1306,80.64,76,0,12.37,clear sky
488,Grand Island,US,40.925,-98.342,82.35,39,1,8.05,clear sky
489,Lagunillas,VE,10.1301,-71.2595,81.52,72,98,7.94,overcast clouds
490,Melnikovo,RU,56.5558,84.085,55.17,55,100,5.73,overcast clouds
491,Nago,JP,26.5881,127.9761,88.23,81,100,15.17,overcast clouds
492,Methoni,GR,36.8197,21.7049,67.21,69,0,9.82,clear sky
493,Kalawit,PH,8.0667,122.5167,85.1,75,80,3.83,broken clouds
494,Uyemskiy,RU,64.4743,40.8524,51.85,87,0,3.8,clear sky
495,Thohoyandou,ZA,-22.9456,30.485,51.13,75,44,1.28,scattered clouds
496,Marang,MY,5.2056,103.2059,84.11,73,100,4.25,overcast clouds
497,Slupsk,PL,54.4641,17.0287,53.02,83,2,5.64,clear sky
498,Inta,RU,66.0317,60.1659,45.55,63,19,14.41,few clouds
499,Lagoa,PT,39.05,-27.9833,61.63,72,59,16.33,broken clouds
500,Sinnamary,GF,5.3833,-52.95,77.34,90,100,8.43,overcast clouds
501,Shirokiy,RU,49.758,129.523,52.25,91,100,9.46,overcast clouds
502,Arman,RU,59.7,150.1667,40.6,93,100,2.37,overcast clouds
503,Alice Springs,AU,-23.7,133.8833,58.55,67,75,18.19,broken clouds
504,Ocampo,MX,21.65,-101.5,64.8,58,100,4.92,overcast clouds
505,Bandarbeyla,SO,9.4942,50.8122,78.98,80,100,18.21,overcast clouds
506,Dalvik,IS,65.9702,-18.5286,42.73,63,100,4.27,overcast clouds
507,Sakaiminato,JP,35.55,133.2333,66.18,94,75,9.22,broken clouds
508,Contamana,PE,-7.3333,-75.0167,72.86,99,100,1.05,overcast clouds
509,Moose Factory,CA,51.2585,-80.6094,39.2,93,90,8.05,overcast clouds
510,Ponta Do Sol,PT,32.6667,-17.1,65.03,60,28,7.56,scattered clouds
511,Sotnikovo,RU,51.8845,107.4791,64.49,45,1,4.47,clear sky
512,Camacha,PT,33.0833,-16.3333,61.56,63,20,10.36,few clouds
513,Muros,ES,42.7762,-9.0603,47.84,91,66,5.77,broken clouds
514,Ulaanbaatar,MN,47.9077,106.8832,57.33,47,20,5.14,few clouds
515,Suclayin,PH,15.7568,121.5503,90.88,52,93,4.63,overcast clouds
516,Wajir,KE,1.7471,40.0573,73.89,77,7,13.27,clear sky
517,Benguela,AO,-12.5763,13.4055,72.1,85,57,3.8,broken clouds
518,Melilla,ES,35.2937,-2.9383,68.2,94,75,4.61,broken clouds
519,Berberati,CF,4.2612,15.7922,68.36,96,39,0.89,scattered clouds
520,Bograd,RU,54.2344,90.8328,67.75,67,98,3.69,overcast clouds
521,Pacific Grove,US,36.6177,-121.9166,86.81,83,75,5.99,broken clouds
522,Kununurra,AU,-15.7667,128.7333,82.38,36,59,13.8,broken clouds
523,Severnoye,RU,56.3491,78.3619,47.39,95,100,5.3,light rain
524,Tecoanapa,MX,16.5167,-98.75,84.04,67,11,2.35,few clouds
525,Ulaangom,MN,49.9811,92.0667,73.09,31,24,4.29,few clouds
526,Trairi,BR,-3.2778,-39.2689,77.67,75,5,9.75,clear sky
527,Pattani,TH,6.75,100.4167,81.82,72,21,1.77,few clouds
528,Lichinga,MZ,-13.3128,35.2406,57.29,88,0,6.91,clear sky
529,Stykkisholmur,IS,65.0757,-22.7297,47.28,75,100,10.13,light rain
530,San Ignacio,BZ,17.1561,-89.0714,86.14,62,40,6.13,scattered clouds
531,Alexandria,EG,31.2156,29.9553,69.76,73,0,8.05,clear sky
532,Hendek,TR,40.7994,30.7481,52.12,91,96,4.23,overcast clouds
533,Athabasca,CA,54.7169,-113.2854,77.83,65,99,8.68,overcast clouds
534,Burnham,US,41.6389,-87.5567,84.38,33,1,9.42,clear sky
535,Nuevo Progreso,MX,23.1667,-97.95,80.6,81,53,6.31,broken clouds
536,Sri Aman,MY,1.2376,111.4621,84.25,84,20,0.0,few clouds
537,Kefamenanu,ID,-9.4467,124.4781,82.13,61,59,7.67,broken clouds
538,Coxim,BR,-18.5067,-54.76,74.44,52,0,2.51,clear sky
539,Caravelas,BR,-17.7125,-39.2481,72.88,88,100,4.88,overcast clouds
540,Flin Flon,CA,54.7682,-101.865,61.56,94,100,6.46,overcast clouds
541,Vestmanna,FO,62.1564,-7.1664,47.32,100,75,9.64,broken clouds
542,Morro Bay,US,35.3658,-120.8499,83.28,86,34,1.99,scattered clouds
543,Sherlovaya Gora,RU,50.5667,116.25,64.08,40,2,18.63,clear sky
544,Marzuq,YE,14.4,46.4667,74.05,58,100,4.18,overcast clouds
545,Ampanihy,MG,-24.7,44.75,64.62,88,28,6.35,scattered clouds
546,Piripiri,BR,-4.2733,-41.7769,73.17,84,7,2.73,clear sky
547,Togur,RU,58.3631,82.8265,51.31,58,95,4.25,overcast clouds
548,Goundam,ML,16.4145,-3.6708,92.93,25,49,6.13,scattered clouds
549,Fomboni,KM,-12.28,43.7425,78.91,72,3,10.09,clear sky
550,Mogadishu,SO,2.0371,45.3438,78.8,81,35,16.44,scattered clouds
551,Axim,GH,4.8699,-2.2405,79.34,87,62,6.76,broken clouds
552,Bridgewater,CA,44.3835,-64.5155,60.06,100,100,10.18,overcast clouds
553,Victor Harbor,AU,-35.5667,138.6167,59.09,61,57,1.99,broken clouds
554,Shimanovsk,RU,52.0,127.7,52.05,96,100,10.98,light rain
555,El Tigre,VE,8.8875,-64.2454,78.71,71,88,12.64,overcast clouds
556,Brae,GB,60.3964,-1.353,51.71,94,71,13.31,broken clouds
557,Bundaberg,AU,-24.85,152.35,71.22,52,98,5.99,overcast clouds
558,Usinsk,RU,65.9939,57.5281,46.71,58,0,11.39,clear sky
559,Belle Fourche,US,44.6714,-103.8522,90.25,21,1,6.73,clear sky
560,Shelburne,CA,44.0787,-80.2041,66.09,91,2,5.82,clear sky
561,Kantang,TH,7.4054,99.5156,82.49,89,20,1.52,few clouds
562,Skibbereen,IE,51.55,-9.2667,49.8,92,99,11.79,overcast clouds
563,Minden,DE,52.2833,8.9167,62.98,95,100,3.4,overcast clouds
564,Kavaratti,IN,10.5669,72.642,84.13,76,97,17.31,overcast clouds
565,Belawan,ID,3.7755,98.6832,80.89,84,100,4.25,light rain
566,Drexel Heights,US,32.1412,-111.0284,100.65,9,1,8.99,clear sky
567,Port Victoria,KE,0.0939,33.9756,67.35,79,100,6.98,light rain
568,Namatanai,PG,-3.6667,152.4333,84.72,69,99,3.04,overcast clouds
569,Opuwo,NA,-18.0607,13.84,53.33,29,0,8.63,clear sky
570,Sao Joao Da Ponte,BR,-15.9292,-44.0078,65.59,59,67,5.23,broken clouds
571,Rock Hill,US,34.9249,-81.0251,75.74,84,1,5.75,moderate rain
572,Colombo,LK,6.9319,79.8478,80.55,89,100,11.79,light rain
573,San Patricio,US,28.017,-97.5169,72.84,96,100,11.1,moderate rain
574,Laguna,US,38.421,-121.4238,99.61,27,1,3.0,clear sky
575,Cristalina,BR,-16.7686,-47.6136,62.89,57,19,2.44,few clouds
576,Swan Hill,AU,-35.3378,143.5544,59.36,44,57,12.26,broken clouds
577,Port Macquarie,AU,-31.4333,152.9167,69.89,44,0,12.06,clear sky
578,Dumas,US,35.8656,-101.9732,80.02,41,1,6.91,clear sky
579,Nuuk,GL,64.1835,-51.7216,36.21,93,18,3.44,few clouds
580,Antofagasta,CL,-23.65,-70.4,61.88,85,0,2.62,clear sky
581,Siavonga,ZM,-16.5382,28.7088,64.38,51,3,4.79,clear sky
582,Paamiut,GL,61.994,-49.6678,35.76,75,5,7.65,clear sky
583,Sarangani,PH,5.4033,125.4636,83.44,75,83,7.81,broken clouds
584,Terra Boa,BR,-23.7681,-52.4442,67.6,81,0,3.62,clear sky
585,New Plymouth,NZ,-39.0667,174.0833,59.05,83,16,4.5,few clouds
586,Maple Valley,US,47.3927,-122.0464,78.49,60,1,1.01,clear sky
587,Umm Lajj,SA,25.0213,37.2685,80.53,67,5,12.06,clear sky
588,Mayo,US,38.8876,-76.5119,73.51,92,75,1.01,broken clouds
589,Hualmay,PE,-11.0964,-77.6139,63.91,84,45,6.4,scattered clouds
590,Homestead,US,25.4687,-80.4776,81.01,91,1,5.75,clear sky
591,Chabahar,IR,25.2919,60.643,83.97,86,12,14.05,few clouds
592,El Alto,PE,-4.2714,-81.2147,66.2,83,59,10.74,broken clouds
593,Dutlwe,BW,-23.9833,23.9,47.07,64,0,7.05,clear sky
594,Osmena,PH,10.5208,119.9258,84.87,75,55,12.24,broken clouds
595,Coruripe,BR,-10.1256,-36.1756,74.46,88,46,4.05,scattered clouds
596,Kings Mountain,US,35.2451,-81.3412,76.12,72,1,3.0,clear sky
597,Dolores,AR,-36.3132,-57.6792,56.25,82,100,12.82,overcast clouds
598,Saint-Pierre,RE,-21.3393,55.4781,70.57,66,0,8.05,clear sky
599,Awjilah,LY,29.1081,21.2869,80.24,28,21,9.93,few clouds
600,Dumbravita,RO,45.7667,25.4333,51.19,81,93,1.57,overcast clouds
601,Gabu,GW,12.2833,-14.2167,79.43,54,76,7.61,broken clouds
602,San Jose De Sisa,PE,-6.6167,-76.6915,77.52,99,100,2.42,overcast clouds
603,Santa Isabel Do Rio Negro,BR,-0.4139,-65.0192,73.31,98,68,1.95,broken clouds
604,Blythe,US,33.6103,-114.5964,108.05,7,1,18.28,clear sky
605,Gallipoli,TR,40.4103,26.6708,55.26,78,58,4.76,broken clouds
606,Ust-Kulom,RU,61.6864,53.6902,51.85,62,6,4.7,clear sky
607,Brigantine,US,39.4101,-74.3646,72.01,99,20,24.87,few clouds
608,Beira,MZ,-19.8436,34.8389,62.76,70,0,12.08,clear sky
609,Hofn,IS,64.2539,-15.2082,48.4,78,100,11.41,overcast clouds
610,Halesowen,GB,52.4486,-2.0494,55.06,83,83,5.48,broken clouds
611,Kulhudhuffushi,MV,6.6221,73.07,82.53,74,95,18.01,overcast clouds
612,Luau,AO,-10.7073,22.2247,61.29,43,62,7.76,broken clouds
613,Dawei,MM,14.0833,98.2,85.73,73,95,2.82,overcast clouds
614,Lagunas,PE,-5.2269,-75.6753,73.65,98,100,2.13,overcast clouds
615,Aksu,CN,41.1231,80.2644,79.65,25,40,2.66,scattered clouds
616,Boden,SE,65.8252,21.6886,55.4,65,91,4.59,overcast clouds
617,Aldan,RU,58.6031,125.3894,67.57,36,12,5.3,few clouds
618,The Valley,AI,18.217,-63.0578,81.1,75,78,19.91,broken clouds
619,Wajima,JP,37.4,136.9,68.68,100,75,18.43,moderate rain
620,Bac Lieu,VN,9.285,105.7244,87.64,66,50,8.93,scattered clouds
621,Kyren,RU,51.6828,102.1408,71.92,32,3,1.1,clear sky
622,Karakulino,RU,56.012,53.7067,49.21,62,0,15.75,clear sky
623,Bitkine,TD,11.9801,18.2138,85.66,42,58,7.63,broken clouds
624,Iwanai,JP,42.9744,140.5089,61.11,93,100,23.76,moderate rain
625,Kieta,PG,-6.2167,155.6333,83.25,76,100,3.87,overcast clouds
626,Tricase,IT,39.9304,18.3553,62.31,54,0,8.95,clear sky
627,Yanam,IN,16.7333,82.2167,84.6,71,49,4.14,scattered clouds
628,Antalaha,MG,-14.9003,50.2788,71.56,82,97,5.12,light rain
629,Shakhtinsk,KZ,49.71,72.5872,57.76,62,0,3.96,clear sky
630,Yulara,AU,-25.2406,130.9889,57.04,54,100,13.8,overcast clouds
631,Pareora,NZ,-44.4871,171.2132,53.19,85,27,4.43,scattered clouds
632,Guayaramerin,BO,-10.8368,-65.3614,72.84,67,54,1.48,broken clouds
633,Kargala,RU,56.6208,83.9607,54.95,57,100,5.79,overcast clouds
634,Gibara,CU,21.1097,-76.1317,79.92,80,0,14.23,clear sky
635,Krasnovishersk,RU,60.4078,57.082,46.6,58,0,3.24,clear sky
636,Waitara,NZ,-38.925,174.25,59.72,74,28,6.76,scattered clouds
637,Chebsara,RU,59.2002,38.8356,47.53,77,44,5.66,scattered clouds
638,Progreso,MX,21.2833,-89.6667,78.91,79,42,13.47,scattered clouds
639,Sechura,PE,-5.5569,-80.8222,68.76,75,8,14.83,clear sky
640,Severo-Kurilsk,RU,50.6789,156.125,47.1,72,55,6.62,broken clouds
641,Isla Mujeres,MX,21.2311,-86.731,80.65,81,1,11.52,clear sky
642,Khani,GE,41.9563,42.9566,45.97,62,71,5.14,broken clouds
643,Batticaloa,LK,7.7102,81.6924,81.61,78,100,6.71,overcast clouds
644,Mayumba,GA,-3.432,10.6554,75.65,93,8,6.53,clear sky
645,Dhidhdhoo,MV,6.8833,73.1,82.56,76,95,17.83,overcast clouds
646,Corigliano Calabro,IT,39.595,16.5177,58.91,46,1,3.4,clear sky
647,Longhua,CN,23.6137,114.1919,76.89,95,100,2.17,overcast clouds
648,Kiruna,SE,67.8557,20.2251,50.92,66,100,0.0,overcast clouds
649,Erenhot,CN,43.6475,111.9767,57.85,43,21,14.47,few clouds
650,Kuliyapitiya,LK,7.4688,80.0401,80.28,94,100,6.69,light rain
651,Chaykovskiy,RU,56.7686,54.1148,50.81,57,0,10.16,clear sky
652,Castro Verde,PT,37.6983,-8.0858,51.22,82,0,8.77,clear sky
653,Nampula,MZ,-15.1165,39.2666,67.95,100,75,5.75,mist
654,Yerbogachen,RU,61.2767,108.0108,69.33,52,100,3.91,overcast clouds
655,Santiago,CL,-33.4569,-70.6483,67.17,56,0,1.07,clear sky
656,Dali,CN,25.7,100.1833,72.5,60,52,1.86,broken clouds
657,Luanda,AO,-8.8368,13.2343,77.0,88,75,6.91,broken clouds
658,Puerto Ayacucho,VE,5.6639,-67.6236,76.66,89,99,2.8,overcast clouds
659,Rio Gallegos,AR,-51.6226,-69.2181,33.85,100,90,3.44,light rain
660,Longkou,CN,37.6508,120.3286,68.74,47,0,23.42,clear sky
661,Camacupa,AO,-12.0167,17.4833,49.91,54,9,3.94,clear sky
662,Clinton,US,42.587,-82.9199,74.28,80,20,4.61,few clouds
663,Madera,US,37.1666,-119.8343,101.55,16,74,1.99,broken clouds
664,Wuwei,CN,37.9281,102.6414,72.77,10,0,5.17,clear sky
665,Langxiang,CN,46.95,128.8833,53.04,79,91,4.16,overcast clouds
666,Kuito,AO,-12.3833,16.9333,48.51,54,51,3.76,broken clouds
667,Aasiaat,GL,68.7098,-52.8699,32.88,95,100,8.7,overcast clouds
668,Mbandaka,CD,0.0487,18.2603,70.32,93,36,1.95,light rain
669,Garanhuns,BR,-8.8903,-36.4928,64.18,95,90,4.88,overcast clouds
670,Hasaki,JP,35.7333,140.8333,72.28,87,100,29.57,light rain
671,Buala,SB,-8.145,159.5921,84.92,72,100,6.85,overcast clouds
672,Gorontalo,ID,0.5412,123.0595,87.46,63,68,5.46,broken clouds
673,Timizart,DZ,36.8,4.2667,69.24,66,95,6.31,overcast clouds
674,Porto Nacional,BR,-10.7081,-48.4172,77.0,51,3,1.43,clear sky
675,Roald,NO,62.5833,6.1333,61.09,82,75,8.05,broken clouds
676,Ust-Kuyga,RU,70.0167,135.6,66.49,53,100,10.83,overcast clouds
677,Sangar,RU,63.9242,127.4739,70.39,48,16,7.43,light rain
678,Mahbubnagar,IN,16.7333,77.9833,79.23,67,72,2.8,broken clouds
